"","user_id","age","gender","profession","big5_openness","big5_conscientiousness","big5_extraversion","big5_agreeableness","big5_neuroticism"
"1","V0001",54,"Male","Finance",0.57,0.59,0.59,0.47,0.33
"2","V0002",18,"Male","Service Worker",0.49,0.61,0.22,0.66,0.51
"3","V0003",42,"Male","IT Specialist",0.67,0.38,0.48,0.62,0.56
"4","V0004",27,"Female","Student",0.54,0.42,0.77,0.64,0.68
"5","V0005",53,"Female","Medical",0.88,0.56,0.42,0.64,0.29
"6","V0006",35,"Female","Finance",0.76,0.26,0.34,0.56,0.55
"7","V0007",64,"Female","Student",0.57,0.51,0.61,0.64,0.67
"8","V0008",41,"Female","IT Specialist",0.32,0.69,0.61,0.66,0.54
"9","V0009",24,"Female","Sales",0.84,0.41,0.24,0.43,0.45
"10","V0010",53,"Male","Manager",0.44,0.47,0.81,0.71,0.49
"11","V0011",42,"Male","IT Specialist",0.56,0.74,0.53,0.5,0.19
"12","V0012",54,"Male","Sales",0.67,0.49,0.81,0.69,0.47
"13","V0013",63,"Female","Manager",0.74,0.44,0.31,0.54,0.3
"14","V0014",37,"Female","Medical",0.61,0.37,0.52,0.51,0.51
"15","V0015",43,"Male","Student",0.65,0.65,0.46,0.77,0.4
"16","V0016",64,"Female","IT Specialist",0.56,0.5,0.85,0.66,0.15
"17","V0017",20,"Female","Student",0.32,0.59,0.36,0.73,0.44
"18","V0018",58,"Male","Manager",0.69,0.5,0.64,0.57,0.4
"19","V0019",42,"Male","Scientist",0.58,0.55,0.3,0.51,0.11
"20","V0020",44,"Female","Manager",0.8,0.63,0.56,0.5,0.45
"21","V0021",53,"Male","IT Specialist",0.81,0.36,0.71,0.66,0.59
"22","V0022",54,"Female","Service Worker",0.61,0.33,0.88,0.64,0.16
"23","V0023",48,"Female","Medical",0.37,0.49,0.36,0.67,0.43
"24","V0024",62,"Female","Scientist",0.61,0.45,0.45,0.66,0.64
"25","V0025",22,"Male","Student",0.55,0.72,0.63,0.54,0.27
"26","V0026",37,"Male","Scientist",0.5,0.55,0.12,0.52,0.53
"27","V0027",51,"Male","Entrepreneur",0.61,0.31,0.24,0.69,0.42
"28","V0028",45,"Male","Medical",0.58,0.34,0.52,0.69,0.44
"29","V0029",57,"Male","Service Worker",0.65,0.5,0.37,0.44,0.32
"30","V0030",20,"Female","IT Specialist",0.56,0.87,0.64,0.51,0.6
"31","V0031",50,"Female","Scientist",0.68,0.52,0.65,0.68,0.52
"32","V0032",59,"Male","Student",0.55,0.42,1,0.68,0.22
"33","V0033",41,"Male","Creative",0.48,0.53,0.33,0.78,0.36
"34","V0034",47,"Male","Creative",0.67,0.42,0.32,0.57,0.36
"35","V0035",60,"Female","Sales",0.83,0.67,0.42,0.72,0.72
"36","V0036",32,"Female","Student",0.1,0.45,0.42,0.7,0.16
"37","V0037",39,"Male","IT Specialist",0.33,0.37,0.68,0.64,0.31
"38","V0038",25,"Male","Finance",0.41,0.49,0.29,0.52,0.27
"39","V0039",53,"Female","Entrepreneur",0.69,0.47,0.46,0.74,0.67
"40","V0040",21,"Female","Medical",0.78,0.56,0.59,0.64,0.9
"41","V0041",39,"Female","Service Worker",0.51,0.65,0.7,0.61,0.5
"42","V0042",35,"Male","Medical",0.89,0.57,0.4,0.6,0.5
"43","V0043",62,"Male","Manager",0.68,0.65,0.43,0.6,0.17
"44","V0044",45,"Male","Medical",0.7,0.43,0.72,0.67,0.22
"45","V0045",22,"Male","Entrepreneur",0.61,0.41,0.3,0.41,0.75
"46","V0046",21,"Female","IT Specialist",0.69,0.51,0.15,0.52,0.66
"47","V0047",51,"Male","Finance",0.7,0.57,0.56,0.81,0.73
"48","V0048",52,"Male","Creative",0.52,0.47,0.26,0.55,0.26
"49","V0049",41,"Female","Finance",0.48,0.5,0.45,0.52,0.62
"50","V0050",40,"Female","Medical",0.51,0.65,0.32,0.68,0.66
"51","V0051",43,"Male","Sales",0.45,0.66,0.46,0.63,0.58
"52","V0052",23,"Male","Scientist",0.6,0.66,0.36,0.44,0.2
"53","V0053",23,"Male","Sales",0.84,0.6,0.71,0.64,0.4
"54","V0054",19,"Female","IT Specialist",0.61,0.72,0.4,0.56,0.67
"55","V0055",20,"Male","Student",0.53,0.64,0.84,0.52,0.7
"56","V0056",38,"Female","Finance",0.66,0.51,0.74,0.66,0.61
"57","V0057",19,"Female","Sales",0.54,0.74,0.35,0.78,0.23
"58","V0058",55,"Male","Finance",0.8,0.49,0.06,0.52,0.56
"59","V0059",27,"Female","Sales",0.52,0.59,0.33,0.39,0.43
"60","V0060",57,"Male","Scientist",0.65,0.53,0.54,0.45,0.31
"61","V0061",22,"Female","IT Specialist",0.49,0.35,0.57,0.67,0.53
"62","V0062",50,"Female","Manager",0.43,0.6,0.66,0.51,0.67
"63","V0063",56,"Male","Entrepreneur",0.41,0.32,0.46,0.81,0.34
"64","V0064",53,"Male","Creative",0.62,0.73,0.67,0.6,0.43
"65","V0065",62,"Male","Creative",0.47,0.62,0.45,0.49,0.17
"66","V0066",59,"Male","Manager",0.67,0.59,0.57,0.63,0.44
"67","V0067",26,"Male","Sales",0.65,0.52,0.53,0.39,0.43
"68","V0068",46,"Male","Entrepreneur",0.83,0.45,0.71,0.57,0.29
"69","V0069",29,"Male","Entrepreneur",0.59,0.74,0.49,0.59,0.44
"70","V0070",37,"Male","Scientist",0.48,0.55,0.35,0.64,0.16
"71","V0071",26,"Female","Creative",0.9,0.81,1,0.65,0.45
"72","V0072",60,"Male","Sales",0.73,0.6,0.27,0.6,0.58
"73","V0073",52,"Male","Student",0.63,0.86,0.54,0.55,0.57
"74","V0074",46,"Female","Entrepreneur",0.47,0.58,0.35,0.7,0.33
"75","V0075",33,"Female","IT Specialist",0.55,0.41,0.59,0.51,0.5
"76","V0076",54,"Male","Creative",0.86,0.75,0.65,0.63,0.26
"77","V0077",45,"Female","Student",0.49,0.75,0.69,0.55,0.43
"78","V0078",63,"Male","Sales",0.67,0.46,0.15,0.59,1
"79","V0079",22,"Male","Scientist",0.66,0.56,0.69,0.48,0.69
"80","V0080",45,"Male","Entrepreneur",0.67,0.41,0.9,0.48,0.56
"81","V0081",19,"Male","Manager",0.64,0.52,0.45,0.67,0.73
"82","V0082",35,"Female","Creative",0.55,0.3,0.3,0.73,0.22
"83","V0083",41,"Female","Service Worker",0.68,0.7,0.27,0.75,0.36
"84","V0084",35,"Male","Scientist",0.51,0.69,0.28,0.61,0.19
"85","V0085",22,"Male","Student",0.69,0.32,0.62,0.72,0.47
"86","V0086",63,"Female","Sales",0.58,0.52,0.56,0.72,0.31
"87","V0087",57,"Male","Sales",0.72,0.57,0.04,0.48,0.64
"88","V0088",57,"Female","Service Worker",0.45,0.47,0.75,0.5,0.15
"89","V0089",38,"Male","Sales",0.55,0.54,0.62,0.7,0.46
"90","V0090",53,"Male","Entrepreneur",0.73,0.54,0.34,0.61,0.33
"91","V0091",53,"Male","Finance",0.78,0.59,0.76,0.55,0.77
"92","V0092",56,"Female","Service Worker",0.64,0.4,0.54,0.53,0.62
"93","V0093",59,"Male","Service Worker",0.57,0.49,0.21,0.42,0.49
"94","V0094",35,"Male","Sales",0.69,0.46,0.4,0.55,0
"95","V0095",44,"Female","Finance",0.66,0.49,0.48,0.56,0.79
"96","V0096",30,"Female","Manager",0.79,0.44,0.34,0.53,0.33
"97","V0097",36,"Female","Scientist",0.92,0.59,0.11,0.56,0.59
"98","V0098",49,"Male","Finance",0.63,0.37,0.32,0.62,0.61
"99","V0099",33,"Male","IT Specialist",0.82,0.61,0.25,0.54,0.36
"100","V0100",46,"Female","Creative",0.69,0.64,0.5,0.72,0.44
"101","V0101",34,"Male","Scientist",0.7,0.3,0.51,0.51,0.75
"102","V0102",61,"Male","Creative",0.68,0.77,0.41,0.55,0.56
"103","V0103",26,"Female","Sales",0.5,0.69,0.72,0.6,1
"104","V0104",38,"Male","Sales",0.63,0.76,0.43,0.56,0.33
"105","V0105",60,"Male","Medical",0.5,0.58,0.62,0.43,0.34
"106","V0106",65,"Male","IT Specialist",0.7,0.89,0.56,0.54,0.35
"107","V0107",25,"Female","Entrepreneur",0.44,0.67,0.65,0.6,0.46
"108","V0108",46,"Male","Finance",0.81,0.59,0.61,0.65,0.45
"109","V0109",55,"Female","Sales",0.78,0.55,0.46,0.54,0.24
"110","V0110",18,"Female","Service Worker",0.79,0.39,0.34,0.45,0.46
"111","V0111",30,"Female","Manager",0.67,0.63,0.5,0.57,0.21
"112","V0112",31,"Male","Student",0.51,0.56,0.34,0.52,0.63
"113","V0113",22,"Female","Student",0.55,0.79,0.69,0.7,0.47
"114","V0114",26,"Male","Medical",0.54,0.65,0.59,0.47,0.24
"115","V0115",33,"Female","Sales",0.42,0.43,0.86,0.55,0.87
"116","V0116",43,"Female","Student",0.39,0.41,0.46,0.72,0.69
"117","V0117",60,"Female","Creative",0.81,0.73,0.45,0.73,0.73
"118","V0118",59,"Male","Service Worker",0.51,0.61,0.54,0.73,0.58
"119","V0119",59,"Female","Sales",0.72,0.48,0.46,0.6,0.61
"120","V0120",50,"Male","Sales",0.36,0.45,0.31,0.67,0.52
"121","V0121",46,"Female","IT Specialist",0.8,0.28,0.25,0.64,0.47
"122","V0122",42,"Male","Student",0.54,0.62,0.34,0.63,0.86
"123","V0123",49,"Female","Scientist",0.86,0.61,0.27,0.65,0.42
"124","V0124",34,"Male","Medical",0.33,0.78,0.59,0.7,0.48
"125","V0125",63,"Female","Creative",0.37,0.82,0.47,0.52,0.36
"126","V0126",31,"Female","Manager",0.5,0.37,0.44,0.65,0.39
"127","V0127",64,"Female","Manager",0.44,0.51,0.51,0.44,0.44
"128","V0128",23,"Male","Creative",0.8,0.42,0.57,0.54,0.64
"129","V0129",64,"Male","Service Worker",0.69,0.57,0.26,0.63,0.57
"130","V0130",60,"Female","Entrepreneur",0.57,0.75,0.72,0.4,0.75
"131","V0131",54,"Male","Manager",0.5,0.53,0.47,0.63,0.41
"132","V0132",33,"Female","Creative",0.6,0.61,0.64,0.56,0.14
"133","V0133",48,"Male","Student",0.58,0.98,0.67,0.41,0.47
"134","V0134",51,"Female","Service Worker",0.66,0.45,0.53,0.63,0.44
"135","V0135",47,"Male","IT Specialist",0.72,0.54,0.53,0.47,0.39
"136","V0136",49,"Male","Student",0.58,0.37,0.48,0.67,0.68
"137","V0137",23,"Male","Sales",0.75,0.32,0.49,0.55,0.27
"138","V0138",39,"Male","Scientist",0.84,0.39,0.82,0.49,0.52
"139","V0139",55,"Male","IT Specialist",0.71,0.79,0.2,0.61,0.29
"140","V0140",48,"Female","Student",0.79,0.41,0.74,0.66,0.82
"141","V0141",23,"Female","Student",0.7,0.74,0.34,0.72,0.53
"142","V0142",37,"Male","Medical",0.74,0.64,0.4,0.62,0.38
"143","V0143",32,"Male","Finance",0.51,0.6,0.26,0.53,0.36
"144","V0144",51,"Male","Scientist",0.67,0.55,0.72,0.47,0.5
"145","V0145",59,"Female","Finance",0.68,0.56,0.66,0.87,0.6
"146","V0146",40,"Male","Creative",0.38,0.65,0.48,0.59,0.56
"147","V0147",29,"Female","Medical",0.89,0.61,0.28,0.49,0.45
"148","V0148",43,"Male","IT Specialist",0.57,0.36,0.63,0.68,0.59
"149","V0149",58,"Male","Finance",0.31,0.56,0.53,0.66,0.65
"150","V0150",18,"Male","Finance",0.66,0.68,0.48,0.55,0.81
"151","V0151",19,"Male","Medical",0.76,0.56,0.31,0.67,0.14
"152","V0152",41,"Male","Scientist",0.59,0.59,0.42,0.48,0.44
"153","V0153",51,"Male","Service Worker",0.62,0.5,0.5,0.64,0.61
"154","V0154",42,"Male","Entrepreneur",0.76,0.78,0.34,0.56,0.17
"155","V0155",45,"Male","Entrepreneur",0.6,0.27,0.51,0.67,0.3
"156","V0156",60,"Female","Sales",0.5,0.45,0.5,0.61,0.5
"157","V0157",31,"Male","Entrepreneur",0.61,0.77,0.31,0.65,0.52
"158","V0158",51,"Female","Student",0.8,0.41,0.66,0.6,0.26
"159","V0159",19,"Female","Medical",0.64,0.68,0.58,0.58,0.47
"160","V0160",48,"Female","Finance",0.69,0.83,0.38,0.45,0.25
"161","V0161",49,"Female","Service Worker",0.97,0.43,0.55,0.66,0.1
"162","V0162",44,"Female","Manager",0.55,0.59,0.27,0.73,0.37
"163","V0163",27,"Female","Finance",0.49,0.78,0.59,0.8,0.35
"164","V0164",45,"Female","Creative",0.79,0.57,0.7,0.73,0.42
"165","V0165",54,"Male","Finance",0.41,0.67,0.27,0.83,0.24
"166","V0166",27,"Female","IT Specialist",0.84,0.22,0.32,0.84,0.43
"167","V0167",22,"Female","Sales",0.51,0.88,0.61,0.61,0.28
"168","V0168",52,"Female","Medical",0.6,0.28,0.44,0.65,0.63
"169","V0169",31,"Female","Service Worker",0.92,0.5,0.38,0.8,0.57
"170","V0170",31,"Female","Scientist",0.52,0.37,0.55,0.62,0.57
"171","V0171",45,"Female","IT Specialist",0.57,0.65,0.58,0.45,0.5
"172","V0172",50,"Female","Entrepreneur",0.34,0.73,0.36,0.62,0.15
"173","V0173",54,"Male","Finance",0.39,0.82,0.16,0.57,0.08
"174","V0174",52,"Female","Creative",0.45,0.39,0.59,0.58,0.37
"175","V0175",43,"Female","Scientist",0.69,0.84,0.65,0.69,0.55
"176","V0176",48,"Male","Student",0.4,0.6,0.54,0.56,0.44
"177","V0177",62,"Female","Creative",0.61,0.45,0.3,0.66,0.2
"178","V0178",60,"Female","Entrepreneur",0.63,0.68,0.57,0.7,0.3
"179","V0179",49,"Female","Scientist",0.56,0.72,0.55,0.66,0.63
"180","V0180",34,"Male","Sales",0.72,0.35,0.48,0.53,0.49
"181","V0181",44,"Female","Student",0.66,0.35,0.64,0.66,0.74
"182","V0182",47,"Female","Finance",0.59,0.57,0.66,0.7,0.45
"183","V0183",53,"Female","Creative",0.62,0.62,0.31,0.57,0.5
"184","V0184",37,"Female","Creative",0.41,0.5,0.13,0.58,0.7
"185","V0185",28,"Male","Creative",0.85,0.45,0.22,0.62,0.48
"186","V0186",34,"Male","Student",0.65,0.73,0.41,0.6,0.43
"187","V0187",26,"Male","Manager",0.6,0.8,0.84,0.48,0.38
"188","V0188",34,"Female","Medical",0.55,0.53,0.38,0.62,0.44
"189","V0189",30,"Female","IT Specialist",0.5,0.71,0.27,0.57,0.56
"190","V0190",48,"Male","Creative",0.77,0.47,0.61,0.64,0.35
"191","V0191",18,"Female","IT Specialist",0.62,0.49,0.65,0.55,0.67
"192","V0192",34,"Female","Finance",0.43,0.66,0.61,0.59,0.16
"193","V0193",50,"Male","Student",0.73,0.58,0.16,0.62,0.47
"194","V0194",45,"Male","Manager",0.72,0.56,0.32,0.61,0.64
"195","V0195",19,"Male","Creative",0.57,0.37,0.55,0.48,0.35
"196","V0196",48,"Female","Medical",0.49,0.57,0.18,0.65,0.94
"197","V0197",25,"Male","Medical",0.46,0.44,0.46,0.57,0.48
"198","V0198",33,"Female","Service Worker",0.67,0.43,0.36,0.58,0.64
"199","V0199",20,"Male","Medical",0.63,0.79,0.67,0.71,0.68
"200","V0200",54,"Female","Entrepreneur",0.45,0.37,0.42,0.65,0.2
"201","V0201",30,"Female","Student",0.62,0.47,0.3,0.76,0.15
"202","V0202",29,"Female","IT Specialist",0.68,0.24,0.35,0.63,0.01
"203","V0203",18,"Female","Scientist",0.62,0.41,0.46,0.69,0.11
"204","V0204",47,"Male","Medical",0.81,0.45,0.56,0.43,0.39
"205","V0205",48,"Male","Manager",0.88,0.69,0.81,0.64,0.21
"206","V0206",54,"Female","Creative",0.72,0.48,0.47,0.55,0.72
"207","V0207",64,"Female","Sales",0.32,0.73,0.23,0.6,0.34
"208","V0208",23,"Female","Service Worker",0.77,0.82,1,0.56,0.68
"209","V0209",33,"Female","Student",0.48,0.5,0.56,0.73,0.38
"210","V0210",27,"Male","Sales",0.35,0.55,0.48,0.45,0.59
"211","V0211",24,"Male","Service Worker",0.65,0.48,0.93,0.84,0.4
"212","V0212",26,"Female","Entrepreneur",0.63,0.71,0.57,0.5,0.67
"213","V0213",58,"Female","Medical",0.6,0.52,0.54,0.47,0.66
"214","V0214",42,"Female","IT Specialist",0.51,0.39,0.46,0.59,0.38
"215","V0215",20,"Male","Entrepreneur",0.71,0.53,0.43,0.65,0.64
"216","V0216",35,"Female","Medical",0.65,0.61,0.71,0.67,0.45
"217","V0217",64,"Female","Manager",0.44,0.31,0.63,0.65,0.47
"218","V0218",45,"Female","IT Specialist",0.4,0.63,0.61,0.6,0.43
"219","V0219",32,"Male","Scientist",0.38,0.7,0.43,0.64,0.29
"220","V0220",46,"Male","IT Specialist",0.59,0.49,0.3,0.7,0.39
"221","V0221",37,"Female","Creative",0.69,0.52,0.28,0.64,0.78
"222","V0222",42,"Male","Service Worker",0.77,0.36,0.62,0.72,0.61
"223","V0223",33,"Male","Sales",0.77,0.46,0.5,0.87,0.62
"224","V0224",41,"Male","IT Specialist",0.63,0.71,0.15,0.65,0.19
"225","V0225",50,"Female","Medical",0.58,0.55,0.78,0.67,0.15
"226","V0226",55,"Female","Manager",0.68,0.53,0.62,0.74,0.89
"227","V0227",60,"Male","Student",0.63,0.31,0.43,0.64,0.32
"228","V0228",58,"Male","Finance",0.59,0.67,0.82,0.73,0.72
"229","V0229",39,"Male","Service Worker",0.64,0.55,0.54,0.71,0.58
"230","V0230",43,"Male","Manager",0.53,0.53,0.23,0.64,0.55
"231","V0231",37,"Male","Scientist",1,0.41,0.58,0.58,0.45
"232","V0232",62,"Female","Scientist",0.21,0.32,0.41,0.66,0.46
"233","V0233",54,"Female","Student",0.83,0.25,0.68,0.55,0.19
"234","V0234",60,"Female","Creative",0.98,0.5,0.23,0.6,0.6
"235","V0235",32,"Male","Service Worker",0.6,0.38,0.64,0.54,0.15
"236","V0236",38,"Male","Manager",0.75,0.55,0.67,0.72,0.54
"237","V0237",51,"Male","Student",0.54,0.5,0.49,0.58,0.65
"238","V0238",42,"Female","Sales",0.77,0.67,0.58,0.98,0.51
"239","V0239",55,"Female","Student",0.76,0.54,0.35,0.69,0.28
"240","V0240",18,"Male","Manager",0.44,0.62,0.46,0.7,0.3
"241","V0241",31,"Male","Student",0.4,0.23,0.48,0.63,0.75
"242","V0242",65,"Male","Student",0.67,0.59,0.69,0.5,0.67
"243","V0243",28,"Female","Creative",0.44,0.62,0.55,0.66,0.38
"244","V0244",45,"Male","Manager",0.81,0.62,0.6,0.4,0.5
"245","V0245",35,"Female","Manager",0.68,0.56,0.37,0.63,0.19
"246","V0246",51,"Male","Entrepreneur",0.69,0.28,0.38,0.46,0.46
"247","V0247",59,"Male","Service Worker",0.65,0.52,0.34,0.6,0.28
"248","V0248",53,"Female","Medical",0.66,0.2,0.66,0.67,0.87
"249","V0249",37,"Female","Medical",0.79,0.45,0.51,0.73,0.57
"250","V0250",32,"Female","Student",0.62,0.57,0.54,0.65,0.26
"251","V0251",24,"Female","Entrepreneur",0.67,0.67,0.47,0.61,0.52
"252","V0252",44,"Female","IT Specialist",0.62,0.6,0.34,0.73,0.82
"253","V0253",47,"Female","Sales",0.75,0.45,0.59,0.67,0.46
"254","V0254",22,"Female","Finance",0.52,0.6,0.6,0.57,0.75
"255","V0255",39,"Male","IT Specialist",0.38,0.73,0.59,0.59,0.29
"256","V0256",37,"Male","Service Worker",0.56,0.45,0.54,0.58,0.23
"257","V0257",58,"Female","Scientist",0.31,0.52,0.61,0.47,0.39
"258","V0258",28,"Female","Student",0.44,0.58,0.56,0.7,0.7
"259","V0259",45,"Male","Manager",0.6,0.48,0.46,0.55,0.92
"260","V0260",55,"Female","Scientist",0.44,0.5,0.34,0.62,0.41
"261","V0261",59,"Female","Creative",0.72,0.7,0.22,0.68,0.49
"262","V0262",26,"Male","IT Specialist",0.59,0.72,0.25,0.54,0.49
"263","V0263",40,"Female","Entrepreneur",0.45,0.48,0.65,0.49,0.35
"264","V0264",43,"Male","Student",0.73,0.73,0.48,0.44,0.44
"265","V0265",58,"Male","Creative",0.54,0.33,0.43,0.49,0.8
"266","V0266",28,"Male","Creative",0.69,0.38,0.62,0.66,0.25
"267","V0267",36,"Female","IT Specialist",0.62,0.56,0.42,0.65,0.21
"268","V0268",45,"Female","Service Worker",0.58,0.52,0.76,0.66,0.45
"269","V0269",38,"Female","Entrepreneur",0.45,0.57,0.65,0.55,0.39
"270","V0270",53,"Male","Sales",0.2,0.49,0.3,0.63,0.41
"271","V0271",59,"Female","Creative",0.3,0.32,0.59,0.61,0.15
"272","V0272",39,"Female","IT Specialist",0.37,0.61,0.3,0.53,0.28
"273","V0273",42,"Female","Entrepreneur",0.49,0.51,0.62,0.61,0.42
"274","V0274",47,"Female","Finance",0.77,0.73,0.48,0.48,0.27
"275","V0275",38,"Male","Manager",0.51,0.76,0.37,0.55,0.71
"276","V0276",61,"Female","Service Worker",0.32,0.51,0.49,0.63,0.46
"277","V0277",38,"Female","Medical",0.46,0.75,0.47,0.66,0
"278","V0278",23,"Female","IT Specialist",0.65,0.77,0.45,0.59,0.65
"279","V0279",64,"Female","Creative",0.64,0.26,0.82,0.61,0.82
"280","V0280",58,"Male","Entrepreneur",0.46,0.67,0.25,0.64,0.47
"281","V0281",27,"Male","Finance",0.52,0.32,0.62,0.36,0.46
"282","V0282",41,"Male","Entrepreneur",0.62,0.6,0.48,0.65,0.35
"283","V0283",24,"Male","Sales",0.51,0.48,0.45,0.59,0.3
"284","V0284",31,"Female","Finance",0.61,0.52,0.59,0.71,0.62
"285","V0285",29,"Female","Finance",0.73,0.68,0.36,0.53,0.51
"286","V0286",27,"Female","Creative",0.65,0.53,0.74,0.51,0.54
"287","V0287",42,"Male","Creative",0.67,0.32,0.55,0.5,0.39
"288","V0288",54,"Male","Entrepreneur",0.71,0.74,0.42,0.64,0.51
"289","V0289",19,"Female","Scientist",0.45,0.36,0.95,0.56,0.35
"290","V0290",52,"Female","Manager",0.53,0.77,0.37,0.54,0.36
"291","V0291",51,"Male","Medical",0.65,0.65,0.43,0.57,0.25
"292","V0292",44,"Female","Manager",0.34,0.6,0.45,0.53,0.35
"293","V0293",63,"Male","IT Specialist",0.44,0.16,0.09,0.51,0.56
"294","V0294",48,"Male","Student",0.58,0.3,0.68,0.45,0.57
"295","V0295",44,"Male","Medical",0.45,0.28,0.33,0.57,0.43
"296","V0296",33,"Male","Service Worker",0.79,0.25,0.49,0.72,0.72
"297","V0297",53,"Male","Student",0.81,0.3,0.58,0.63,0.79
"298","V0298",41,"Male","Service Worker",0.52,0.6,0.5,0.65,0.32
"299","V0299",55,"Male","Medical",0.66,0.54,0.64,0.39,0
"300","V0300",38,"Female","Manager",0.46,0.42,0.63,0.36,0.46
"301","V0301",37,"Male","Medical",0.53,0.71,0.61,0.54,0.53
"302","V0302",28,"Male","Student",0.54,0.43,0.37,0.42,0
"303","V0303",50,"Female","Medical",0.72,0.49,0.6,0.67,0.52
"304","V0304",31,"Male","IT Specialist",0.61,0.47,0.17,0.7,0.41
"305","V0305",45,"Male","Scientist",0.63,0.33,0.33,0.69,0.73
"306","V0306",50,"Female","IT Specialist",0.47,0.85,0.55,0.59,0.45
"307","V0307",46,"Male","Sales",0.62,0.8,0.49,0.31,0.28
"308","V0308",53,"Male","Service Worker",0.64,0.29,0.39,0.72,0.51
"309","V0309",62,"Female","Creative",0.73,0.5,0.74,0.63,0.62
"310","V0310",49,"Female","IT Specialist",0.52,0.26,0.38,0.54,0.55
"311","V0311",55,"Female","IT Specialist",0.62,0.61,0.61,0.64,0.63
"312","V0312",39,"Male","Finance",0.65,0.57,0.48,0.74,0.3
"313","V0313",61,"Male","Service Worker",0.44,0.47,0.66,0.72,0.53
"314","V0314",24,"Female","Finance",0.4,0.28,0.36,0.68,0.37
"315","V0315",61,"Female","Scientist",0.71,0.44,0.54,0.62,0.5
"316","V0316",22,"Female","Manager",0.73,0.73,0.38,0.56,0.39
"317","V0317",48,"Male","Creative",0.65,0.27,0.52,0.72,0.63
"318","V0318",49,"Male","Scientist",0.74,0.39,0.26,0.3,0.54
"319","V0319",35,"Male","Sales",0.74,0.56,0.57,0.49,0.42
"320","V0320",56,"Female","Service Worker",0.78,0.72,0.59,0.56,0.78
"321","V0321",30,"Female","Sales",0.61,0.45,0.21,0.62,0.45
"322","V0322",47,"Female","Entrepreneur",0.72,0.06,0.16,0.69,0.09
"323","V0323",19,"Female","Medical",0.48,0.94,0.49,0.59,0.37
"324","V0324",45,"Male","Finance",0.48,0.39,0.5,0.51,0.51
"325","V0325",20,"Female","Student",0.87,0.77,0.3,0.38,0.67
"326","V0326",50,"Female","Medical",0.61,0.4,0.23,0.63,0.37
"327","V0327",64,"Female","IT Specialist",0.43,0.58,0.66,0.68,0.54
"328","V0328",46,"Female","Sales",0.58,0.44,0.42,0.63,0.51
"329","V0329",37,"Female","Sales",0.52,0.54,0.4,0.72,0.49
"330","V0330",60,"Female","Service Worker",0.32,0.52,0.68,0.5,0.4
"331","V0331",26,"Male","IT Specialist",0.59,0.33,0.77,0.48,0.58
"332","V0332",27,"Male","Entrepreneur",0.7,0.53,0.43,0.63,0.74
"333","V0333",24,"Male","Creative",0.74,0.54,0.59,0.43,0.22
"334","V0334",45,"Female","Sales",0.61,0.68,0.5,0.73,0.38
"335","V0335",35,"Male","Manager",0.88,0.44,0.36,0.38,0.54
"336","V0336",42,"Male","Entrepreneur",0.65,0.83,0.45,0.66,0.33
"337","V0337",61,"Male","Manager",0.23,0.65,0.55,0.68,0.66
"338","V0338",27,"Female","Sales",0.83,0.4,0.84,0.49,0.49
"339","V0339",26,"Male","Finance",0.48,0.39,0.25,0.63,0.57
"340","V0340",36,"Female","Medical",0.54,0.69,0.45,0.78,0.27
"341","V0341",32,"Male","Student",0.61,0.57,0.45,0.39,0.4
"342","V0342",63,"Male","Service Worker",0.49,0.33,0.43,0.52,0.26
"343","V0343",20,"Male","Service Worker",0.5,0.27,0.42,0.73,0.3
"344","V0344",39,"Male","Student",0.66,0.67,0.33,0.57,0.27
"345","V0345",37,"Male","IT Specialist",0.25,0.56,0,0.55,0.32
"346","V0346",59,"Female","Medical",0.62,0.71,0.43,0.73,0.86
"347","V0347",51,"Male","Finance",0.67,0.38,0.53,0.66,0.51
"348","V0348",40,"Male","Manager",0.62,0.72,0.4,0.61,0.38
"349","V0349",34,"Male","IT Specialist",0.72,0.45,0.5,0.6,0.71
"350","V0350",35,"Male","Manager",0.72,0.42,0.46,0.71,0.84
"351","V0351",36,"Female","Student",0.71,0.37,0.61,0.5,0.47
"352","V0352",63,"Female","Creative",0.84,0.57,0.68,0.62,0
"353","V0353",34,"Female","Scientist",0.52,0.38,0.45,0.61,0.22
"354","V0354",47,"Male","Finance",0.64,0.72,0.55,0.57,0.62
"355","V0355",27,"Male","Sales",0.57,0.51,0.38,0.51,0.63
"356","V0356",54,"Male","Entrepreneur",0.7,0.63,0.34,0.57,0.31
"357","V0357",62,"Male","Medical",0.53,0.59,0.68,0.57,0.13
"358","V0358",27,"Female","IT Specialist",0.5,0.45,0.55,0.52,0.73
"359","V0359",65,"Male","Student",0.66,0.36,0.28,0.73,0.69
"360","V0360",51,"Female","Student",0.57,0.5,0.21,0.68,0.62
"361","V0361",21,"Male","IT Specialist",0.49,0.35,0.79,0.61,0.86
"362","V0362",42,"Male","Creative",0.6,0.35,0.63,0.67,0.63
"363","V0363",43,"Male","Creative",0.68,0.6,0.25,0.65,0.37
"364","V0364",56,"Female","Student",0.57,0.51,0.6,0.64,0.42
"365","V0365",50,"Male","Entrepreneur",0.49,0.72,0.73,0.73,0.31
"366","V0366",63,"Male","Sales",0.67,0.7,0.7,0.55,0.6
"367","V0367",39,"Male","IT Specialist",0.43,0.31,0.44,0.7,0.61
"368","V0368",61,"Female","Service Worker",0.58,0.7,0.23,0.66,0.5
"369","V0369",36,"Male","Entrepreneur",0.57,0.74,0.45,0.34,0.31
"370","V0370",23,"Female","Sales",0.88,0.61,0.42,0.46,0.51
"371","V0371",61,"Female","Finance",0.27,0.35,0.54,0.56,0.47
"372","V0372",42,"Female","Student",0.64,0.62,0.72,0.73,0.5
"373","V0373",47,"Male","Scientist",0.64,0.74,0.62,0.7,0.67
"374","V0374",59,"Female","Manager",0.61,0.48,0.42,0.67,0.58
"375","V0375",56,"Female","Manager",0.81,0.61,0.5,0.54,0.68
"376","V0376",42,"Male","Sales",0.53,0.78,0.69,0.61,0.73
"377","V0377",19,"Female","Entrepreneur",0.6,0.73,0.64,0.6,0.52
"378","V0378",55,"Male","Service Worker",0.73,0.52,0.64,0.58,0.79
"379","V0379",26,"Female","Service Worker",0.55,0.81,0.25,0.49,0.43
"380","V0380",28,"Female","Student",0.6,0.53,0.48,0.57,0.37
"381","V0381",23,"Female","Service Worker",0.58,0.4,0.54,0.49,0.29
"382","V0382",48,"Female","Finance",0.69,0.49,0.8,0.7,0.76
"383","V0383",22,"Male","Finance",0.62,0.66,0.75,0.55,0.3
"384","V0384",31,"Female","Finance",0.49,0.68,0.34,0.61,0.44
"385","V0385",59,"Male","Service Worker",0.47,0.73,0.57,0.7,0.23
"386","V0386",64,"Male","Sales",0.59,0.72,0.49,0.67,0.59
"387","V0387",18,"Female","Sales",0.33,0.57,0.51,0.48,0.59
"388","V0388",58,"Male","Creative",0.64,0.59,0.3,0.33,0.51
"389","V0389",27,"Female","IT Specialist",0.42,0.52,0.36,0.57,0.42
"390","V0390",29,"Female","Medical",0.65,0.57,0.77,0.67,0.49
"391","V0391",39,"Female","Student",0.93,0.81,0.58,0.59,0.76
"392","V0392",18,"Male","Scientist",0.95,0.3,0.37,0.61,0.46
"393","V0393",60,"Female","Creative",0.63,0.78,0.18,0.63,0.33
"394","V0394",21,"Male","Manager",0.42,0.51,0.45,0.56,0.37
"395","V0395",20,"Male","Sales",0.76,0.5,0.68,0.55,0.09
"396","V0396",55,"Female","Service Worker",0.97,0.69,0.65,0.53,0.62
"397","V0397",22,"Male","Manager",0.57,0.41,0.31,0.61,0.24
"398","V0398",59,"Female","Creative",0.92,0.67,0.69,0.71,0.73
"399","V0399",37,"Female","IT Specialist",0.69,0.58,0.44,0.68,0.73
"400","V0400",51,"Male","Medical",0.44,0.58,0.5,0.56,0.64
"401","V0401",40,"Female","Scientist",0.48,0.48,0.42,0.65,0.24
"402","V0402",53,"Male","Student",0.77,0.66,0.58,0.53,0.23
"403","V0403",37,"Male","Creative",0.73,0.68,0.17,0.63,0.3
"404","V0404",26,"Male","Sales",0.61,0.46,0.68,0.46,0.26
"405","V0405",44,"Male","Finance",0.3,0.51,0.75,0.52,0.54
"406","V0406",63,"Male","IT Specialist",0.58,0.66,0.75,0.66,0.45
"407","V0407",63,"Male","Student",0.59,0.65,0.2,0.61,0.71
"408","V0408",20,"Female","Service Worker",0.45,0.28,0.27,0.65,0.59
"409","V0409",48,"Male","Student",0.66,0.57,0.42,0.69,0.64
"410","V0410",35,"Male","Finance",0.68,0.32,0.55,0.39,0.83
"411","V0411",27,"Male","Entrepreneur",0.53,0.67,0.49,0.51,0.52
"412","V0412",50,"Female","Entrepreneur",0.6,0.57,0.47,0.84,0.76
"413","V0413",57,"Male","Creative",0.68,0.5,0.38,0.31,0.32
"414","V0414",37,"Male","Sales",0.69,0.59,0.78,0.55,0.55
"415","V0415",54,"Male","Manager",0.44,0.49,0.8,0.59,0.39
"416","V0416",23,"Female","Manager",0.67,0.67,0.28,0.49,0.51
"417","V0417",46,"Female","Medical",0.59,0.63,0.34,0.59,0
"418","V0418",63,"Male","Scientist",0.49,0.31,0.36,0.63,0.3
"419","V0419",21,"Male","Sales",0.89,0.73,0.49,0.62,0.34
"420","V0420",44,"Male","Student",0.69,0.72,0.14,0.7,0.48
"421","V0421",26,"Female","Service Worker",0.78,0.65,0.46,0.79,0.11
"422","V0422",57,"Female","Student",0.53,0.77,0.37,0.57,0.39
"423","V0423",40,"Male","Sales",0.36,0.68,0.4,0.6,0.42
"424","V0424",65,"Male","IT Specialist",0.52,0.44,0.52,0.54,0.17
"425","V0425",43,"Female","Sales",0.75,0.33,0.19,0.64,0.18
"426","V0426",29,"Male","Creative",0.7,0.55,0.46,0.9,0.52
"427","V0427",27,"Male","Manager",0.9,0.94,0.32,0.61,0.66
"428","V0428",63,"Male","Finance",0.43,0.63,0.25,0.52,0.44
"429","V0429",60,"Female","Entrepreneur",0.55,0.33,0.29,0.62,0.83
"430","V0430",40,"Male","Sales",0.63,0.52,0.19,0.52,0.44
"431","V0431",44,"Female","Sales",0.67,0.57,0.67,0.53,0.25
"432","V0432",51,"Male","Medical",0.57,0.64,0.55,0.73,0.13
"433","V0433",33,"Female","Sales",0.81,0.51,0.53,0.69,0.4
"434","V0434",63,"Male","Student",0.72,0.8,0.51,0.84,0.37
"435","V0435",42,"Female","Creative",0.7,0.63,0.59,0.46,0.59
"436","V0436",45,"Male","Service Worker",0.56,0.55,0.7,0.67,0.79
"437","V0437",32,"Male","Student",0.78,0.38,0.62,0.53,0.54
"438","V0438",55,"Female","Medical",0.66,0.58,0.14,0.47,0.36
"439","V0439",40,"Male","Medical",0.51,0.16,0.59,0.61,0.56
"440","V0440",36,"Male","Sales",0.6,0.52,0.49,0.6,0.6
"441","V0441",27,"Male","Medical",0.6,0.4,0.45,0.66,0.13
"442","V0442",30,"Male","Medical",0.34,0.61,0.53,0.57,0.39
"443","V0443",55,"Female","Student",0.59,0.65,0.34,0.67,0.41
"444","V0444",18,"Female","Finance",0.59,0.45,1,0.54,0.29
"445","V0445",28,"Male","Scientist",0.69,0.41,0.57,0.58,0.5
"446","V0446",62,"Female","Service Worker",0.56,0.6,0.64,0.52,0.38
"447","V0447",43,"Female","Service Worker",0.44,0.43,0.37,0.83,0.31
"448","V0448",27,"Male","IT Specialist",0.59,0.29,0.51,0.79,0.31
"449","V0449",62,"Male","Finance",0.47,0.4,0.65,0.52,0.42
"450","V0450",32,"Female","Finance",0.45,0.63,0.27,0.65,0.49
"451","V0451",34,"Male","Service Worker",0.63,0.58,0.44,0.59,0.51
"452","V0452",64,"Male","Student",0.44,0.1,0.31,0.67,0.4
"453","V0453",25,"Female","Medical",0.62,0.37,0.59,0.6,0.46
"454","V0454",53,"Female","Sales",0.64,0.7,0.54,0.5,0.5
"455","V0455",23,"Female","Scientist",0.86,0.6,0.24,0.58,0.14
"456","V0456",27,"Female","Service Worker",0.61,0.41,0.4,0.47,0.5
"457","V0457",44,"Female","Entrepreneur",0.74,0.66,0.47,0.43,0.67
"458","V0458",37,"Female","IT Specialist",0.77,0.58,0.29,0.61,0.74
"459","V0459",42,"Female","Manager",0.69,0.58,0.57,0.67,0.89
"460","V0460",41,"Male","Medical",0.57,0.34,0.46,0.64,0.23
"461","V0461",33,"Female","IT Specialist",0.56,0.26,0.72,0.68,0.38
"462","V0462",61,"Female","Service Worker",0.65,0.39,0.4,0.64,0.83
"463","V0463",33,"Male","Finance",0.67,0.85,0.53,0.72,0.17
"464","V0464",20,"Male","Entrepreneur",0.63,0.49,0.29,0.4,0.28
"465","V0465",49,"Female","Entrepreneur",0.37,0.49,0.58,0.63,0.53
"466","V0466",38,"Male","Finance",0.73,0.53,0.43,0.83,0.48
"467","V0467",56,"Male","Creative",0.52,0.56,0.15,0.66,0.67
"468","V0468",20,"Male","Manager",0.6,0.59,0.5,0.46,0.39
"469","V0469",27,"Female","Sales",0.42,0.71,0.56,0.42,0.19
"470","V0470",38,"Male","Medical",0.84,0.66,0.63,0.72,0.66
"471","V0471",59,"Female","Service Worker",0.79,0.91,0.59,0.61,0.53
"472","V0472",24,"Female","Service Worker",0.65,0.85,0.49,0.7,0.2
"473","V0473",36,"Female","Entrepreneur",0.54,0.72,0.73,0.58,0.5
"474","V0474",46,"Male","Service Worker",0.43,0.25,0.79,0.42,0.72
"475","V0475",62,"Male","Scientist",0.61,0.79,0.26,0.8,0.65
"476","V0476",59,"Female","Finance",0.74,0.59,0.58,0.55,0.33
"477","V0477",63,"Male","Service Worker",0.58,0.67,0.53,0.71,0.45
"478","V0478",41,"Male","Sales",0.72,0.44,0.06,0.48,0.44
"479","V0479",46,"Female","Finance",0.91,0.66,0.6,0.45,0.61
"480","V0480",47,"Female","Finance",0.43,0.81,0.44,0.47,0.55
"481","V0481",60,"Female","Scientist",0.7,0.58,0.55,0.68,0.07
"482","V0482",62,"Male","Manager",0.85,0.48,0.49,0.58,0.29
"483","V0483",52,"Male","IT Specialist",0.42,0.64,0.51,0.69,0.35
"484","V0484",59,"Male","Finance",0.77,0.61,0.23,0.44,0.11
"485","V0485",51,"Male","Sales",0.15,0.54,0.27,0.48,0.19
"486","V0486",56,"Female","Scientist",0.68,0.26,0.33,0.62,0.37
"487","V0487",38,"Female","Student",0.66,0.62,0.44,0.7,0.69
"488","V0488",60,"Female","Scientist",0.48,0.55,0.62,0.68,0.55
"489","V0489",60,"Male","Student",0.39,0.6,0.43,0.72,0.34
"490","V0490",43,"Male","Finance",0.97,0.63,0.6,0.69,0.55
"491","V0491",50,"Male","Manager",0.62,0.58,0.36,0.69,0.77
"492","V0492",23,"Female","Sales",0.47,0.66,0.78,0.55,0.47
"493","V0493",40,"Male","Creative",0.92,0.57,0.5,0.6,0.53
"494","V0494",59,"Female","Finance",0.77,0.65,0.45,0.55,0.63
"495","V0495",58,"Male","Scientist",0.6,0.2,0.69,0.54,0.6
"496","V0496",61,"Female","Manager",0.72,0.68,0.41,0.6,0.77
"497","V0497",62,"Male","Scientist",0.62,0.54,0.58,0.59,0.51
"498","V0498",35,"Female","Finance",0.54,0.73,0.19,0.7,0.17
"499","V0499",64,"Male","Medical",0.54,0.17,0.33,0.54,0.39
"500","V0500",38,"Male","Finance",0.58,0.88,0.13,0.42,0.27
"501","V0501",50,"Male","Sales",0.46,0.55,0.4,0.55,0.55
"502","V0502",28,"Male","Creative",0.6,0.79,0.56,0.71,0.22
"503","V0503",57,"Male","Scientist",0.95,0.62,0.44,0.59,0.58
"504","V0504",62,"Male","Scientist",0.36,0.68,0.37,0.7,0.42
"505","V0505",31,"Male","IT Specialist",0.62,0.72,0.67,0.63,0.44
"506","V0506",19,"Male","Sales",0.75,0.41,0.35,0.64,0.71
"507","V0507",55,"Male","Creative",0.47,0.65,0.63,0.67,0.37
"508","V0508",62,"Female","Medical",0.94,0.58,0.6,0.64,0.38
"509","V0509",52,"Female","Service Worker",0.3,0.42,0.34,0.56,0.12
"510","V0510",45,"Male","Medical",0.45,0.21,0.53,0.51,0.43
"511","V0511",62,"Female","Finance",0.31,0.63,0.32,0.6,0.19
"512","V0512",33,"Female","Service Worker",0.3,0.63,0.68,0.42,0.52
"513","V0513",33,"Female","Medical",0.48,0.59,0.67,0.76,0.05
"514","V0514",62,"Male","Service Worker",0.37,0.47,0.43,0.57,0.46
"515","V0515",62,"Female","Entrepreneur",0.45,0.53,0.89,0.68,0.64
"516","V0516",25,"Female","IT Specialist",0.94,0.55,0.53,0.38,0.29
"517","V0517",62,"Female","Manager",0.56,0.62,0.6,0.56,0.83
"518","V0518",55,"Male","Entrepreneur",0.81,0.77,0.57,0.77,0.47
"519","V0519",55,"Female","Manager",0.33,0.61,0.65,0.65,0.72
"520","V0520",25,"Male","Student",0.54,0.65,0.21,0.52,0.07
"521","V0521",48,"Female","Finance",0.51,0.67,0.57,0.61,0.11
"522","V0522",54,"Male","Scientist",0.95,0.49,0.24,0.65,0.72
"523","V0523",40,"Female","Service Worker",0.53,0.51,0.6,0.67,0.23
"524","V0524",58,"Male","Scientist",0.69,0.67,0.48,0.5,0.7
"525","V0525",27,"Male","Student",0.72,0.64,0.76,0.47,0.26
"526","V0526",28,"Male","Manager",0.64,0.48,0.68,0.63,0.72
"527","V0527",44,"Female","Student",0.51,0.62,0.68,0.61,0.37
"528","V0528",40,"Female","Scientist",0.71,0.74,0.57,0.44,0.19
"529","V0529",50,"Male","Service Worker",0.73,0.59,0.36,0.56,0.27
"530","V0530",39,"Male","Scientist",0.48,0.57,0.55,0.64,0.05
"531","V0531",32,"Male","Manager",0.63,0.67,0.97,0.61,0.46
"532","V0532",21,"Male","Manager",0.47,0.74,0.51,0.54,0.39
"533","V0533",56,"Male","Medical",0.68,0.48,0.63,0.64,0.28
"534","V0534",60,"Male","IT Specialist",0.54,0.73,0.48,0.66,0.53
"535","V0535",27,"Female","Student",0.42,0.67,0.75,0.61,0.15
"536","V0536",25,"Male","Service Worker",0.69,0.65,0.47,0.67,0.4
"537","V0537",48,"Male","Student",0.54,0.74,0.39,0.53,0.84
"538","V0538",45,"Female","Student",0.74,0.55,0.79,0.6,0.61
"539","V0539",52,"Female","Sales",0.39,0.46,0.6,0.71,0.57
"540","V0540",62,"Female","Entrepreneur",0.43,0.59,0.77,0.64,0.52
"541","V0541",37,"Male","Creative",0.52,0.54,0.46,0.56,0.31
"542","V0542",65,"Male","Student",0.71,0.64,0.57,0.58,0.15
"543","V0543",25,"Female","Sales",0.58,0.64,0.77,0.58,0.33
"544","V0544",49,"Male","Medical",0.66,0.22,0.33,0.7,0.46
"545","V0545",20,"Male","Manager",0.48,0.39,0.53,0.46,0.45
"546","V0546",58,"Female","IT Specialist",0.32,0.56,0.07,0.72,0.33
"547","V0547",65,"Female","Sales",0.65,0.16,0.53,0.71,0.22
"548","V0548",28,"Female","Service Worker",0.56,0.51,0.31,0.57,0.19
"549","V0549",30,"Female","Scientist",0.88,0.32,0.4,0.66,0.09
"550","V0550",56,"Female","Medical",0.57,0.64,0.2,0.57,0.28
"551","V0551",35,"Female","Finance",0.75,0.63,0.57,0.68,0.33
"552","V0552",56,"Female","IT Specialist",0.5,0.27,0.67,0.5,0.31
"553","V0553",38,"Female","Manager",0.56,0.6,0.57,0.82,0.64
"554","V0554",22,"Female","Manager",0.8,0.46,0.52,0.59,0.53
"555","V0555",48,"Male","Manager",0.51,1,0.23,0.45,0.25
"556","V0556",37,"Male","Sales",0.64,0.39,0.26,0.55,0.79
"557","V0557",35,"Male","Creative",0.69,0.55,0.56,0.46,0.29
"558","V0558",56,"Female","Finance",0.71,0.6,0.9,0.72,0.24
"559","V0559",20,"Female","Manager",0.39,0.36,0.44,0.32,0.5
"560","V0560",65,"Male","IT Specialist",0.51,0.59,0.88,0.55,0.59
"561","V0561",25,"Male","Creative",0.55,0.26,0.41,0.53,0.39
"562","V0562",36,"Female","Sales",0.83,0.61,0.46,0.49,0.66
"563","V0563",27,"Female","Medical",0.69,0.8,0.53,0.65,0.4
"564","V0564",32,"Female","Medical",0.51,0.68,0.67,0.63,0.36
"565","V0565",29,"Female","Creative",0.62,0.68,0.89,0.51,0.85
"566","V0566",52,"Male","Sales",0.64,0.38,0.64,0.47,0.43
"567","V0567",65,"Male","IT Specialist",0.51,0.59,0.41,0.55,0.49
"568","V0568",49,"Male","Entrepreneur",0.64,0.15,0.39,0.57,0.36
"569","V0569",59,"Female","IT Specialist",0.76,0.55,0.6,0.8,0.37
"570","V0570",51,"Male","Entrepreneur",0.8,0.49,0.33,0.62,0.31
"571","V0571",57,"Male","Creative",0.69,0.55,0.4,0.68,0.52
"572","V0572",18,"Female","Entrepreneur",0.52,0.48,0.51,0.64,0.62
"573","V0573",30,"Female","Entrepreneur",0.68,0.33,0.26,0.54,0.1
"574","V0574",24,"Male","Scientist",0.76,0.57,0.72,0.61,0.3
"575","V0575",28,"Male","Student",0.7,0.55,0.54,0.42,0.31
"576","V0576",28,"Female","Medical",0.57,0.55,0.29,0.58,0.31
"577","V0577",30,"Female","Creative",0.79,0.54,0.36,0.69,0.29
"578","V0578",54,"Male","Creative",0.57,0.58,0.44,0.33,0.53
"579","V0579",51,"Female","Student",0.71,0.39,0.46,0.56,0.56
"580","V0580",32,"Male","Service Worker",0.53,0.33,0.6,0.55,0.41
"581","V0581",54,"Male","IT Specialist",0.56,0.47,0.61,0.6,0.63
"582","V0582",31,"Male","Service Worker",0.56,0.53,0.51,0.5,0.44
"583","V0583",54,"Male","Scientist",0.92,0.69,0.3,0.5,0.43
"584","V0584",43,"Female","IT Specialist",0.88,0.59,0.55,0.72,0.49
"585","V0585",45,"Male","Medical",0.56,0.29,0.39,0.73,0.78
"586","V0586",35,"Female","Student",0.57,0.49,0.39,0.77,0
"587","V0587",34,"Male","Finance",0.78,0.47,0.32,0.35,0.13
"588","V0588",56,"Male","Medical",0.62,0.69,0.77,0.73,0.32
"589","V0589",62,"Male","Service Worker",0.45,0.54,0.4,0.58,0.6
"590","V0590",51,"Male","Finance",0.8,0.69,0.81,0.58,0.44
"591","V0591",29,"Female","Entrepreneur",0.6,0.64,0.06,0.61,0.42
"592","V0592",47,"Male","Student",0.53,0.32,0.55,0.51,0.36
"593","V0593",52,"Female","Service Worker",0.56,0.77,0.65,0.61,0.51
"594","V0594",37,"Male","Entrepreneur",0.66,0.49,0.6,0.42,0.66
"595","V0595",43,"Female","Service Worker",0.56,0.73,0.53,0.52,0.41
"596","V0596",42,"Male","Sales",0.79,0.62,0.06,0.78,0.51
"597","V0597",25,"Male","Scientist",0.71,0.64,0.53,0.59,0.33
"598","V0598",37,"Male","Finance",0.71,0.61,0.65,0.57,0.57
"599","V0599",45,"Male","Scientist",0.26,0.38,0.68,0.63,0.76
"600","V0600",63,"Male","Scientist",0.74,0.65,0.37,0.59,0.43
"601","V0601",50,"Female","Manager",0.49,0.67,0.53,0.58,0.26
"602","V0602",63,"Female","Student",0.58,0.4,0.33,0.59,0.6
"603","V0603",38,"Female","IT Specialist",0.5,0.39,0.47,0.73,0.2
"604","V0604",51,"Male","Medical",0.58,0.72,0.43,0.68,0.2
"605","V0605",22,"Male","Student",0.25,0.67,0.41,0.59,0.32
"606","V0606",59,"Female","Creative",0.42,0.81,0.59,0.72,0.47
"607","V0607",29,"Male","Entrepreneur",0.81,0.58,0.62,0.63,0.4
"608","V0608",20,"Female","Medical",0.46,0.85,0.56,0.59,0.11
"609","V0609",35,"Female","Entrepreneur",0.4,0.43,0.43,0.53,0.32
"610","V0610",64,"Male","Service Worker",0.73,0.79,0.57,0.67,0.6
"611","V0611",18,"Female","Student",0.58,0.51,0.41,0.66,0.62
"612","V0612",25,"Male","Medical",0.59,0.48,0.8,0.68,0.54
"613","V0613",57,"Male","Student",0.53,0.48,0.48,0.46,0.52
"614","V0614",47,"Female","IT Specialist",0.5,0.39,0.39,0.65,0.5
"615","V0615",37,"Male","Sales",0.8,0.48,0.34,0.45,0.38
"616","V0616",51,"Male","IT Specialist",0.5,0.49,0.51,0.51,0.61
"617","V0617",38,"Male","Finance",0.41,0.51,0.57,0.62,0.57
"618","V0618",36,"Male","Medical",0.48,0.47,0.6,0.55,0.59
"619","V0619",60,"Male","Finance",0.76,0.61,0.51,0.62,0.32
"620","V0620",64,"Male","Student",0.3,0.78,0.34,0.52,0.45
"621","V0621",35,"Male","Student",0.61,0.37,0.54,0.32,0.08
"622","V0622",57,"Female","Medical",0.57,0.62,0.63,0.65,0.02
"623","V0623",41,"Female","Service Worker",0.33,0.53,0.6,0.7,0.43
"624","V0624",59,"Male","Service Worker",0.68,0.61,0.58,0.8,0.28
"625","V0625",46,"Male","Medical",0.58,0.4,0.57,0.82,0.32
"626","V0626",51,"Male","Sales",0.54,0.29,0.34,0.61,0.39
"627","V0627",39,"Male","Medical",0.84,0.62,0.64,0.47,0.58
"628","V0628",21,"Male","Manager",0.45,0.44,0.4,0.6,0.53
"629","V0629",40,"Male","Finance",0.56,0.65,1,0.66,0.68
"630","V0630",34,"Male","Service Worker",0.72,0.27,0.28,0.53,0.11
"631","V0631",61,"Male","Creative",0.37,0.65,0.39,0.67,0.54
"632","V0632",37,"Female","Finance",0.48,0.51,0.6,0.5,0.65
"633","V0633",56,"Female","Sales",0.61,0.91,0.48,0.53,0.67
"634","V0634",26,"Male","Finance",0.64,0.42,0.38,0.73,0.67
"635","V0635",36,"Male","Service Worker",0.39,0.77,0.68,0.75,0.37
"636","V0636",38,"Female","Medical",0.83,0.71,0.7,0.71,0.52
"637","V0637",60,"Male","Sales",0.58,0.46,0.82,0.46,0.48
"638","V0638",60,"Male","Medical",0.39,0.52,0.38,0.7,0.79
"639","V0639",61,"Male","Creative",0.4,0.46,0.09,0.51,0.61
"640","V0640",34,"Male","Scientist",0.74,0.57,0.66,0.67,0.28
"641","V0641",51,"Female","Manager",0.85,0.57,0.58,0.52,0.52
"642","V0642",24,"Female","Sales",0.48,0.4,0.69,0.55,0.27
"643","V0643",21,"Male","Medical",0.62,0.63,0.59,0.62,0.56
"644","V0644",62,"Male","Service Worker",0.77,0.74,0.33,0.59,0.63
"645","V0645",18,"Male","Creative",0.55,0.76,0.4,0.51,0.26
"646","V0646",45,"Female","Medical",0.56,0.38,0.58,0.59,0.36
"647","V0647",34,"Male","IT Specialist",0.43,0.54,0.73,0.65,0.57
"648","V0648",53,"Female","Student",0.6,0.46,0.66,0.68,0.49
"649","V0649",51,"Male","Creative",0.86,0.56,0.38,0.79,0.23
"650","V0650",44,"Male","Sales",0.88,0.57,0.44,0.7,0.2
"651","V0651",46,"Male","Medical",0.45,0.43,0.74,0.49,0.49
"652","V0652",43,"Male","IT Specialist",0.69,0.54,0.34,0.65,0.51
"653","V0653",38,"Female","Manager",0.83,0.71,0.16,0.63,0.45
"654","V0654",57,"Male","Student",0.68,0.53,0.57,0.64,0.81
"655","V0655",52,"Female","Service Worker",0.46,0.49,0.41,0.68,0.99
"656","V0656",30,"Male","Creative",0.72,0.64,0.53,0.7,0.91
"657","V0657",51,"Male","IT Specialist",0.41,0.58,0.35,0.67,0.1
"658","V0658",53,"Male","Creative",0.65,0.62,0.49,0.67,0.53
"659","V0659",58,"Male","Sales",0.76,0.66,0.26,0.5,0.4
"660","V0660",60,"Female","Medical",0.55,0.5,0.38,0.37,0.46
"661","V0661",45,"Male","Medical",0.51,0.5,0.33,0.68,0.45
"662","V0662",27,"Female","Finance",0.43,0.39,0.7,0.67,0.58
"663","V0663",49,"Male","Manager",0.64,0.4,0.79,0.56,0.66
"664","V0664",63,"Male","Scientist",0.8,0.68,0.29,0.59,0.51
"665","V0665",44,"Female","Manager",0.56,0.51,0.45,0.53,0.65
"666","V0666",50,"Male","Finance",0.83,0.54,0.29,0.65,0.51
"667","V0667",18,"Female","Student",0.55,0.48,0.76,0.49,0.58
"668","V0668",31,"Male","Medical",0.63,0.47,0.55,0.56,0.43
"669","V0669",49,"Male","Creative",0.56,0.66,0.49,0.6,0.5
"670","V0670",45,"Female","Finance",0.69,0.5,0.64,0.66,0.43
"671","V0671",60,"Female","Sales",0.7,0.42,0.38,0.63,0.49
"672","V0672",49,"Female","Entrepreneur",0.61,0.42,0.51,0.68,0.49
"673","V0673",58,"Male","IT Specialist",0.48,0.61,0.48,0.79,0.56
"674","V0674",47,"Male","Sales",0.79,0.3,0.39,0.54,0.48
"675","V0675",54,"Female","Medical",0.45,0.59,0.27,0.57,0.3
"676","V0676",51,"Male","Scientist",0.63,0.34,0.44,0.52,0.55
"677","V0677",58,"Male","Manager",0.34,0.48,0.76,0.51,0.31
"678","V0678",52,"Male","Student",0.72,0.36,0.72,0.93,0.85
"679","V0679",41,"Female","Student",0.5,0.82,0.73,0.59,0.2
"680","V0680",61,"Female","Student",0.62,0.65,0.75,0.43,0.83
"681","V0681",51,"Female","Sales",0.77,0.59,0.27,0.56,0.49
"682","V0682",41,"Male","IT Specialist",0.88,0.68,0.37,0.65,0.41
"683","V0683",45,"Female","Entrepreneur",0.55,0.75,0.43,0.59,0.16
"684","V0684",65,"Male","IT Specialist",0.7,0.31,0.59,0.77,0.31
"685","V0685",35,"Male","Service Worker",0.78,0.43,0.32,0.58,0.4
"686","V0686",47,"Female","Sales",0.41,0.66,0.53,0.78,0.28
"687","V0687",39,"Male","Medical",0.73,0.48,0.12,0.71,0.43
"688","V0688",43,"Female","Entrepreneur",0.34,0.61,0.45,0.65,0.39
"689","V0689",37,"Male","Manager",0.6,0.61,0.28,0.62,0.13
"690","V0690",48,"Male","Finance",0.51,0.56,0.34,0.64,0.67
"691","V0691",57,"Male","Student",0.68,0.82,0.32,0.72,0.5
"692","V0692",47,"Male","Sales",0.42,0.55,0.61,0.65,0.18
"693","V0693",25,"Female","Scientist",0.76,0.53,0.32,0.5,0.76
"694","V0694",64,"Male","Entrepreneur",1,0.64,0.62,0.54,0.47
"695","V0695",42,"Female","Entrepreneur",0.55,0.57,0.46,0.58,0.31
"696","V0696",55,"Male","IT Specialist",0.79,0.3,0.58,0.66,0.31
"697","V0697",52,"Female","Manager",0.18,0.55,0.39,0.58,0.46
"698","V0698",18,"Male","Scientist",0.7,0.37,0.46,0.58,0.51
"699","V0699",47,"Female","Manager",0.5,0.58,0.43,0.52,0.09
"700","V0700",64,"Female","IT Specialist",0.72,0.46,0.46,0.59,0.23
"701","V0701",21,"Female","Finance",0.8,0.24,0.49,0.38,0.14
"702","V0702",45,"Female","Manager",0.4,0.47,0.69,0.63,0.55
"703","V0703",58,"Male","Manager",0.55,0.53,0.34,0.63,0.57
"704","V0704",50,"Male","Manager",0.75,0.74,0.39,0.74,0.89
"705","V0705",60,"Male","Medical",0.74,0.64,0.28,0.66,0.57
"706","V0706",23,"Male","Entrepreneur",0.48,0.65,0.56,0.73,0.46
"707","V0707",37,"Female","Creative",0.61,0.61,0.55,0.5,0.58
"708","V0708",31,"Female","Service Worker",0.26,0.17,0.4,0.58,0.51
"709","V0709",26,"Female","IT Specialist",0.56,0.59,0.42,0.61,0.37
"710","V0710",45,"Male","IT Specialist",0.6,0.67,0.4,0.51,0.52
"711","V0711",48,"Male","Scientist",0.87,0.34,0.4,0.47,0.59
"712","V0712",41,"Male","Manager",0.69,0.44,1,0.57,0.15
"713","V0713",23,"Male","Sales",0.59,0.35,0.1,0.61,0.28
"714","V0714",61,"Female","Medical",0.75,0.6,0.53,0.87,0.38
"715","V0715",39,"Male","Entrepreneur",0.64,0.54,0.64,0.51,0.43
"716","V0716",28,"Male","Sales",0.72,0.71,0.36,0.72,0.64
"717","V0717",26,"Female","Finance",0.52,0.52,0.54,0.63,0.35
"718","V0718",35,"Female","IT Specialist",0.73,0.65,0.43,0.73,0.24
"719","V0719",60,"Female","Scientist",0.7,0.48,0.75,0.59,0.39
"720","V0720",36,"Female","Scientist",0.74,0.59,0.55,0.49,0.53
"721","V0721",50,"Female","Manager",0.58,0.35,0.68,0.81,0.19
"722","V0722",60,"Female","Service Worker",0.76,0.35,0.43,0.68,0.25
"723","V0723",57,"Female","Scientist",0.43,0.47,0.6,0.53,0.4
"724","V0724",28,"Female","Medical",0.44,0.6,0.52,0.6,0.21
"725","V0725",50,"Female","Creative",0.53,0.71,0.69,0.64,0.59
"726","V0726",55,"Male","Medical",0.78,0.43,0.68,0.63,0.71
"727","V0727",51,"Female","Manager",0.74,0.46,0.31,0.59,0.44
"728","V0728",63,"Female","Student",0.75,0.47,0.67,0.5,0.68
"729","V0729",54,"Male","Service Worker",0.53,0.7,0.57,0.82,0.63
"730","V0730",18,"Male","Creative",0.77,0.65,0.36,0.62,0.36
"731","V0731",47,"Female","Service Worker",0.6,0.47,0.53,0.66,0.53
"732","V0732",35,"Female","Service Worker",0.48,0.51,0.4,0.71,0.22
"733","V0733",21,"Male","Finance",0.48,0.7,0.66,0.5,0.75
"734","V0734",32,"Male","Sales",0.62,0.61,0.85,0.52,0.56
"735","V0735",24,"Female","Medical",0.89,0.83,0.64,0.55,0.71
"736","V0736",31,"Female","Medical",0.7,0.48,0.27,0.34,0.39
"737","V0737",27,"Male","Sales",0.57,0.51,0.3,0.64,0.01
"738","V0738",52,"Male","Scientist",0.54,0.48,0.88,0.64,0.43
"739","V0739",24,"Female","Finance",0.46,0.51,0.6,0.82,0.54
"740","V0740",22,"Male","Service Worker",0.29,0.81,0.4,0.57,0.6
"741","V0741",41,"Male","Sales",0.64,0.51,0.59,0.67,0.18
"742","V0742",55,"Male","Service Worker",0.35,0.3,0.34,0.58,0.85
"743","V0743",22,"Female","IT Specialist",0.83,0.38,0.29,0.57,0.75
"744","V0744",38,"Female","Creative",0.58,0.79,0.32,0.68,0.24
"745","V0745",58,"Male","Student",0.61,0.43,0.71,0.57,0.45
"746","V0746",52,"Female","Sales",0.59,0.4,0.54,0.63,0.37
"747","V0747",20,"Male","Medical",0.75,0.63,0,0.49,0.79
"748","V0748",26,"Male","Entrepreneur",0.68,0.47,0.48,0.54,0.68
"749","V0749",62,"Male","Service Worker",0.58,0.78,0.63,0.6,0.25
"750","V0750",44,"Male","Scientist",0.81,0.52,0.39,0.63,0.68
"751","V0751",46,"Male","Sales",0.75,0.73,0.4,0.55,0.53
"752","V0752",44,"Female","Entrepreneur",0.62,0.53,0.24,0.52,0.42
"753","V0753",56,"Female","Manager",0.44,0.36,0.68,0.61,0.56
"754","V0754",59,"Male","Finance",0.79,0.61,0.63,0.93,0.57
"755","V0755",34,"Female","Creative",0.71,0.25,0.5,0.56,0.71
"756","V0756",51,"Female","Entrepreneur",0.54,0.5,0.64,0.54,0.14
"757","V0757",37,"Female","IT Specialist",0.63,0.18,0.41,0.52,0.45
"758","V0758",43,"Female","Entrepreneur",0.39,0.65,0.64,0.65,0.38
"759","V0759",29,"Female","Creative",0.73,0.8,0.23,0.69,0.23
"760","V0760",41,"Male","Finance",0.32,0.54,0.69,0.39,0.54
"761","V0761",41,"Female","Manager",0.71,0.61,0.31,0.52,0.47
"762","V0762",55,"Male","Finance",0.58,0.56,0.48,0.6,0.54
"763","V0763",47,"Female","IT Specialist",0.65,0.77,0.5,0.61,0.68
"764","V0764",39,"Female","Student",0.48,0.32,0.64,0.61,0.69
"765","V0765",47,"Female","Scientist",0.66,0.18,0.6,0.45,0.59
"766","V0766",27,"Female","Finance",0.74,0.62,0.72,0.58,0.56
"767","V0767",65,"Male","Finance",0.54,0.68,0.61,0.36,0.22
"768","V0768",50,"Female","Creative",0.53,0.36,0.43,0.67,0.3
"769","V0769",59,"Male","Sales",0.6,0.57,0.46,0.65,0.29
"770","V0770",24,"Male","Service Worker",0.5,0.56,0.5,0.65,0.56
"771","V0771",42,"Male","Medical",0.53,0.39,0.58,0.67,0.65
"772","V0772",41,"Male","Creative",0.9,0.52,0.41,0.59,0.26
"773","V0773",19,"Female","Sales",0.55,0.43,0.43,0.59,0.5
"774","V0774",53,"Male","IT Specialist",0.41,0.51,0.35,0.73,0.68
"775","V0775",25,"Male","Service Worker",0.26,0.57,0.22,0.44,0.76
"776","V0776",64,"Male","Creative",0.5,0.46,0.79,0.65,0.56
"777","V0777",31,"Female","Entrepreneur",0.5,0.6,0.61,0.38,0.56
"778","V0778",34,"Male","Creative",0.54,0.65,0.45,0.71,0.49
"779","V0779",54,"Male","Sales",0.43,0.63,0.6,0.45,0.3
"780","V0780",34,"Male","Manager",0.67,0.59,0.73,0.6,0.4
"781","V0781",33,"Female","Student",0.24,0.75,0.29,0.65,0.48
"782","V0782",49,"Male","Student",0.73,0.33,0.66,0.62,0.41
"783","V0783",42,"Female","Medical",0.62,0.61,0.28,0.45,0.32
"784","V0784",55,"Female","IT Specialist",0.8,0.78,0.59,0.7,0.39
"785","V0785",20,"Female","Service Worker",0.7,0.54,0.55,0.56,0
"786","V0786",31,"Male","Entrepreneur",0.84,0.48,0.49,0.6,0.41
"787","V0787",26,"Female","Service Worker",0.62,0.52,0.26,0.62,0.14
"788","V0788",61,"Male","Entrepreneur",0.66,0.4,0.44,0.78,0.21
"789","V0789",26,"Male","IT Specialist",0.39,0.32,0.58,0.38,0.6
"790","V0790",41,"Female","Finance",0.57,0.38,0.86,0.62,0.29
"791","V0791",63,"Female","Student",0.37,0.81,0.29,0.64,0.16
"792","V0792",20,"Male","Entrepreneur",0.76,0.77,0.2,0.87,0.25
"793","V0793",53,"Female","Finance",0.6,0.57,0.3,0.6,0.7
"794","V0794",52,"Female","Entrepreneur",0.27,0.17,0.44,0.49,0.4
"795","V0795",56,"Male","Medical",0.66,0.35,0.39,0.73,0.61
"796","V0796",50,"Female","Sales",0.64,0.26,0.24,0.46,0
"797","V0797",54,"Female","Service Worker",0.7,0.23,0.15,0.73,0.48
"798","V0798",39,"Female","Manager",0.94,0.55,0.82,0.39,0
"799","V0799",21,"Male","Medical",0.64,0.37,0.49,0.45,0.51
"800","V0800",46,"Female","Scientist",0.79,0.19,0.36,0.63,0.45
"801","V0801",44,"Male","Creative",0.57,0.58,0.39,0.45,0.03
"802","V0802",25,"Female","Sales",0.54,0.62,0.84,0.75,0.76
"803","V0803",61,"Female","Finance",0.69,0.42,0.73,0.48,0.36
"804","V0804",61,"Female","Medical",0.74,0.83,0.37,0.7,0.19
"805","V0805",29,"Male","Student",0.48,0.54,0.77,0.59,0.55
"806","V0806",64,"Male","Finance",0.79,0.49,0.73,0.62,0.21
"807","V0807",26,"Female","Sales",0.47,0.52,0.58,0.7,0.57
"808","V0808",41,"Male","Student",0.53,0.5,0.55,0.46,0.6
"809","V0809",20,"Female","Service Worker",0.63,0.55,0.04,0.67,0.62
"810","V0810",20,"Male","Sales",0.63,0.28,0.49,0.5,0.61
"811","V0811",43,"Male","Creative",0.64,0.56,0.28,0.5,0.35
"812","V0812",58,"Male","IT Specialist",0.54,0.56,0.4,0.61,0.24
"813","V0813",24,"Female","Manager",0.49,0.81,0.6,0.61,0.39
"814","V0814",44,"Male","Service Worker",0.57,0.4,0.18,0.52,0.17
"815","V0815",40,"Male","Entrepreneur",0.55,0.62,0.41,0.46,0.4
"816","V0816",61,"Male","Creative",0.64,0.55,0.32,0.56,0.17
"817","V0817",62,"Female","Creative",0.61,0.5,0.28,0.56,0.61
"818","V0818",49,"Female","Finance",0.71,0.62,0.41,0.84,0.44
"819","V0819",32,"Female","Sales",0.52,0.8,0.73,0.64,0.33
"820","V0820",64,"Male","Sales",0.56,0.35,0.64,0.71,0.46
"821","V0821",37,"Male","Service Worker",0.82,0.67,0.25,0.71,0.72
"822","V0822",52,"Female","Creative",0.65,0.49,0.6,0.68,0.25
"823","V0823",44,"Male","Scientist",0.42,0.35,0.31,0.64,0.38
"824","V0824",62,"Male","Student",0.69,0.49,0.55,0.63,0
"825","V0825",36,"Male","Student",0.61,0.46,0.51,0.53,0.51
"826","V0826",19,"Male","Manager",0.43,0.44,0.56,0.69,0.63
"827","V0827",39,"Female","Creative",0.46,0.63,0.51,0.67,0.61
"828","V0828",54,"Male","IT Specialist",0.63,0.67,0.59,0.39,0.43
"829","V0829",58,"Female","Finance",0.65,0.53,0.53,0.51,0.43
"830","V0830",50,"Female","Sales",0.59,0.67,0.63,0.42,0.25
"831","V0831",21,"Male","Sales",0.59,0.83,0.54,0.71,0.39
"832","V0832",35,"Female","Service Worker",0.54,0.62,0.73,0.59,0.59
"833","V0833",54,"Female","Manager",0.77,0.62,0.49,0.66,0
"834","V0834",52,"Male","Manager",0.74,0.61,0.35,0.44,0.62
"835","V0835",59,"Male","IT Specialist",0.33,0.54,0.43,0.62,0.21
"836","V0836",42,"Female","Student",0.4,0.57,0.48,0.8,0.88
"837","V0837",56,"Female","Service Worker",0.65,0.49,0.25,0.49,0.27
"838","V0838",31,"Male","Scientist",0.45,0.35,0.21,0.65,0.49
"839","V0839",44,"Male","Scientist",0.43,0.37,0.35,0.7,0.51
"840","V0840",27,"Male","Sales",0.64,0.29,0.61,0.43,0.74
"841","V0841",40,"Male","Medical",0.59,0.43,0.87,0.65,0.03
"842","V0842",27,"Male","Student",0.62,0.6,0.46,0.65,0.35
"843","V0843",38,"Male","Finance",0.48,0.54,0.27,0.58,0.03
"844","V0844",58,"Female","Manager",0.48,0.56,0.39,0.74,0.62
"845","V0845",56,"Female","Finance",0.62,0.54,0.45,0.62,0.42
"846","V0846",23,"Female","Medical",0.6,0.35,0.72,0.58,0.58
"847","V0847",45,"Female","Creative",0.6,0.7,0.44,0.59,0.53
"848","V0848",25,"Female","Manager",0.47,0.66,0.38,0.49,0.29
"849","V0849",48,"Male","Entrepreneur",0.64,0.51,0.44,0.66,0.72
"850","V0850",43,"Male","Finance",0.61,0.53,0.5,0.55,0.63
"851","V0851",41,"Male","Service Worker",0.79,0.67,1,0.61,0.74
"852","V0852",54,"Female","Scientist",0.53,0.66,0.79,0.65,0.54
"853","V0853",36,"Female","Sales",0.74,0.08,0.6,0.6,0.57
"854","V0854",37,"Male","IT Specialist",0.46,0.74,0.79,0.45,0.37
"855","V0855",28,"Male","Service Worker",0.64,0.6,0.28,0.68,0.4
"856","V0856",44,"Female","Medical",0.44,0.46,0.27,0.55,0.15
"857","V0857",24,"Male","IT Specialist",0.74,0.43,0.71,0.52,0.44
"858","V0858",59,"Male","Manager",0.67,0.63,0.56,0.56,0.22
"859","V0859",61,"Male","Medical",0.56,0.83,0.73,0.52,0.43
"860","V0860",21,"Female","Student",0.58,0.71,0.52,0.65,0.61
"861","V0861",48,"Male","Manager",0.65,0.48,0.2,0.66,0.59
"862","V0862",52,"Female","Service Worker",0.68,0.44,0.36,0.59,0.64
"863","V0863",18,"Female","Scientist",0.79,0.4,0.82,0.57,0.47
"864","V0864",65,"Male","Scientist",0.54,0.68,0.21,0.64,0.47
"865","V0865",22,"Female","Medical",0.51,0.46,0.44,0.48,0.23
"866","V0866",34,"Male","Finance",1,0.61,0.54,0.55,0.71
"867","V0867",60,"Male","Manager",0.46,0.59,0.45,0.49,0.46
"868","V0868",18,"Female","Manager",0.65,0.33,0.6,0.57,0.69
"869","V0869",41,"Female","Scientist",0.76,0.59,0.76,0.64,0.49
"870","V0870",50,"Female","Student",0.21,0.44,0.58,0.63,0.42
"871","V0871",35,"Female","Finance",0.79,0.46,0.5,0.58,0.66
"872","V0872",20,"Female","Creative",0.73,0.68,0.44,0.67,0.35
"873","V0873",22,"Male","Student",0.53,0.39,0.26,0.47,0.06
"874","V0874",56,"Female","Scientist",0.53,0.82,0.51,0.75,0.41
"875","V0875",23,"Male","Entrepreneur",0.62,0.46,0.56,0.41,0.37
"876","V0876",33,"Male","Sales",0.94,0.54,0.51,0.64,0.47
"877","V0877",30,"Female","Finance",0.74,0.56,0.47,0.51,0.54
"878","V0878",50,"Male","Service Worker",0.49,0.54,0.23,0.82,0.61
"879","V0879",27,"Female","Medical",0.52,0.42,0.51,0.49,0.43
"880","V0880",31,"Male","Finance",0.52,0.63,0.95,0.69,0.43
"881","V0881",59,"Male","Creative",0.68,0.85,0.6,0.59,0.31
"882","V0882",51,"Female","Creative",0.93,0.55,0.26,0.62,0.03
"883","V0883",33,"Male","Finance",0.58,0.4,0.56,0.63,0.56
"884","V0884",58,"Female","Student",0.65,0.55,0.63,0.7,0.27
"885","V0885",34,"Male","Student",0.64,0.51,0.72,0.4,0.45
"886","V0886",19,"Male","Scientist",0.92,0.73,0.32,0.67,0.77
"887","V0887",32,"Female","Sales",0.39,0.41,0.44,0.66,0.49
"888","V0888",40,"Male","Manager",0.54,0.51,0.67,0.44,0.46
"889","V0889",44,"Male","Creative",0.7,0.7,0.41,0.44,0.7
"890","V0890",57,"Male","Creative",0.47,0.58,0.18,0.55,0.53
"891","V0891",20,"Female","Service Worker",0.46,0.73,0.5,0.66,0.69
"892","V0892",51,"Female","Entrepreneur",1,0.3,0.54,0.56,0.74
"893","V0893",20,"Female","Creative",0.63,0.44,0.31,0.52,0.59
"894","V0894",60,"Female","Student",0.47,0.44,0.33,0.45,0.32
"895","V0895",54,"Female","IT Specialist",0.66,0.53,0.51,0.46,0.55
"896","V0896",39,"Female","Finance",0.53,0.36,0.53,0.55,0.9
"897","V0897",50,"Female","Scientist",0.41,0.47,0.53,0.56,0.27
"898","V0898",20,"Female","Student",0.68,0.27,0.28,0.66,0.4
"899","V0899",31,"Male","Student",0.87,0.64,0.32,0.44,0.93
"900","V0900",55,"Female","Entrepreneur",0.91,0.49,0.47,0.5,0.58
"901","V0901",33,"Female","Finance",0.44,0.59,0.59,0.67,0.63
"902","V0902",27,"Female","Student",0.27,0.53,0.67,0.68,0.61
"903","V0903",44,"Female","Medical",0.84,0.64,0.42,0.55,0.55
"904","V0904",25,"Male","Finance",0.69,0.61,0.75,0.63,0.44
"905","V0905",40,"Male","IT Specialist",0.45,0.28,0.46,0.61,0.43
"906","V0906",26,"Male","Medical",0.46,0.36,0.61,0.48,0.4
"907","V0907",52,"Female","Scientist",0.42,0.41,0.47,0.54,0.45
"908","V0908",51,"Female","Entrepreneur",0.64,0.27,0.81,0.73,0.34
"909","V0909",55,"Female","IT Specialist",0.65,0.23,0.79,0.51,0.39
"910","V0910",51,"Male","Scientist",0.63,0.7,0.51,0.5,0.3
"911","V0911",65,"Male","Finance",0.56,0.54,0.78,0.42,0.56
"912","V0912",47,"Female","Scientist",0.56,0.53,0.24,0.74,0.47
"913","V0913",42,"Male","IT Specialist",0.64,0.5,0.97,0.58,0.65
"914","V0914",47,"Male","Student",0.65,0.39,0,0.56,0.6
"915","V0915",26,"Female","Manager",0.42,0.63,0.69,0.59,0.64
"916","V0916",54,"Male","Medical",0.83,0.6,0.4,0.58,0.42
"917","V0917",34,"Female","IT Specialist",0.39,0.54,0.68,0.55,0.33
"918","V0918",61,"Male","IT Specialist",0.41,0.61,0.62,0.56,0.69
"919","V0919",37,"Female","Student",0.39,0.71,0.41,0.64,0.47
"920","V0920",53,"Female","Medical",0.9,0.32,0.77,0.56,0.28
"921","V0921",55,"Male","Sales",0.68,0.65,0.65,0.63,0.48
"922","V0922",51,"Male","Scientist",0.6,0.7,0.24,0.66,0.57
"923","V0923",20,"Female","Sales",0.48,0.53,0.63,0.55,0.69
"924","V0924",34,"Female","Manager",0.6,0.51,0.43,0.5,0.47
"925","V0925",41,"Female","Creative",0.53,0.63,0.68,0.38,0.44
"926","V0926",28,"Male","Sales",0.85,0.35,0.41,0.52,0.72
"927","V0927",25,"Female","Finance",0.67,0.59,0.54,0.21,0.3
"928","V0928",56,"Female","Student",0.37,0.57,0.46,0.7,0.47
"929","V0929",37,"Female","Creative",0.41,0.61,0.28,0.54,0.46
"930","V0930",45,"Male","Entrepreneur",0.71,0.55,0.53,0.72,0.78
"931","V0931",40,"Male","IT Specialist",0.45,0.55,0.37,0.88,0.45
"932","V0932",50,"Female","Creative",0.63,0.5,0.82,0.54,0.73
"933","V0933",36,"Male","Medical",0.52,0.63,0.63,0.52,0.7
"934","V0934",33,"Male","Medical",0.57,0.43,0.25,0.63,0.37
"935","V0935",57,"Male","Manager",0.62,0.68,0.26,0.62,0.69
"936","V0936",27,"Female","IT Specialist",0.75,0.39,0.48,0.6,0.88
"937","V0937",27,"Male","IT Specialist",0.61,0.59,0.45,0.7,0.53
"938","V0938",36,"Male","Medical",0.61,0.56,0.41,0.68,0.57
"939","V0939",30,"Male","Creative",0.72,0.92,0.37,0.6,0.35
"940","V0940",40,"Male","Sales",0.61,0.55,0.57,0.56,0.54
"941","V0941",61,"Male","Sales",0.61,0.35,0.61,0.62,0.47
"942","V0942",57,"Male","Manager",0.59,0.46,0.24,0.76,0.38
"943","V0943",55,"Female","Medical",0.55,0.44,0.47,0.38,0.64
"944","V0944",56,"Female","Medical",0.85,0.67,0.56,0.62,0.35
"945","V0945",56,"Male","Finance",0.48,0.35,0.85,0.53,0.39
"946","V0946",54,"Male","Finance",0.5,0.46,0.63,0.56,0.22
"947","V0947",18,"Female","Entrepreneur",0.3,0.7,0.38,0.52,0
"948","V0948",60,"Male","Sales",0.39,0.49,0.53,0.47,0.43
"949","V0949",51,"Female","Student",0.5,0.59,0.6,0.52,0.51
"950","V0950",40,"Male","Finance",0.71,0.61,0.49,0.77,0.46
"951","V0951",59,"Male","Service Worker",0.56,0.55,0.62,0.48,0.33
"952","V0952",55,"Female","Entrepreneur",0.58,0.62,0.53,0.55,0.33
"953","V0953",53,"Female","Sales",0.55,0.5,0.59,0.46,0.36
"954","V0954",29,"Female","Manager",0.48,0.71,0.31,0.7,0.87
"955","V0955",23,"Male","Scientist",0.58,0.81,0.56,0.71,0.61
"956","V0956",34,"Female","Medical",0.58,0.37,0.56,0.65,0.2
"957","V0957",63,"Male","Service Worker",0.76,0.8,0.46,0.7,0.9
"958","V0958",18,"Female","Service Worker",0.69,0.31,0.58,0.44,0.9
"959","V0959",60,"Female","Finance",0.64,0.61,0.63,0.71,0.59
"960","V0960",37,"Female","Finance",0.51,0.87,0.84,0.74,0.71
"961","V0961",43,"Female","Creative",0.37,0.51,0.4,0.63,0.44
"962","V0962",36,"Male","Medical",0.68,0.51,0.7,0.7,0.81
"963","V0963",54,"Female","Service Worker",0.4,0.71,0.41,0.52,0.41
"964","V0964",20,"Male","Scientist",0.48,0.36,0.7,0.68,0.59
"965","V0965",62,"Female","IT Specialist",0.59,0.46,0.55,0.43,0.59
"966","V0966",36,"Male","Finance",0.82,0.52,0.66,0.59,0.43
"967","V0967",37,"Male","Sales",0.8,0.59,0.21,0.6,0.68
"968","V0968",48,"Female","Creative",0.53,0.3,0.77,0.59,0.3
"969","V0969",31,"Female","Creative",0.83,0.49,0.71,0.61,0.54
"970","V0970",51,"Male","Medical",0.96,0.67,0.22,0.6,0.53
"971","V0971",50,"Male","Sales",0.57,0.57,0.7,0.44,0.48
"972","V0972",39,"Male","Finance",0.63,0.5,0.84,0.42,0.43
"973","V0973",63,"Female","Scientist",0.61,0.58,0.43,0.45,0.59
"974","V0974",24,"Female","Medical",0.77,0.41,0.46,0.44,0.45
"975","V0975",64,"Male","Service Worker",0.35,0.53,0.33,0.58,0.6
"976","V0976",55,"Female","Scientist",0.53,0.36,0.45,0.5,0.39
"977","V0977",61,"Female","Creative",0.56,0.78,0.38,0.55,0.55
"978","V0978",60,"Male","Sales",0.79,0.6,0.31,0.54,0.21
"979","V0979",27,"Female","Sales",0.69,0.58,0.72,0.48,0.54
"980","V0980",47,"Female","Manager",0.46,0.24,0.66,0.59,0.55
"981","V0981",42,"Male","Sales",0.55,0.37,0.32,0.59,0.25
"982","V0982",27,"Male","Creative",0.85,0.56,0.53,0.54,0.37
"983","V0983",47,"Female","Student",0.52,0.49,0.7,0.65,0.44
"984","V0984",44,"Female","Scientist",0.63,0.66,0.74,0.64,0.31
"985","V0985",36,"Female","Service Worker",0.87,0.71,0.35,0.52,0.2
"986","V0986",59,"Female","Entrepreneur",0.65,0.38,0.66,0.51,0.56
"987","V0987",26,"Female","Medical",0.62,0.52,0.42,0.7,0.3
"988","V0988",39,"Female","Sales",0.44,0.83,0.8,0.8,0.54
"989","V0989",44,"Female","Manager",0.67,0.65,0.32,0.51,0.19
"990","V0990",25,"Female","Manager",0.79,0.7,0.74,0.69,0.75
"991","V0991",36,"Female","Service Worker",0.63,0.43,0.3,0.68,0.38
"992","V0992",24,"Male","Finance",0.56,0.7,0.35,0.66,0.63
"993","V0993",43,"Male","Manager",0.5,0.3,0.48,0.74,0.79
"994","V0994",33,"Male","Scientist",0.57,0.5,0.54,0.61,0.1
"995","V0995",25,"Female","Finance",0.76,0.46,0.79,0.51,0.39
"996","V0996",40,"Female","Service Worker",0.62,0.77,0.29,0.58,0.58
"997","V0997",38,"Male","Scientist",0.8,0.5,0.09,0.61,0.28
"998","V0998",33,"Male","Entrepreneur",0.74,0.49,0.25,0.46,0.2
"999","V0999",48,"Female","Service Worker",0.54,0.44,0.51,0.67,0.54
"1000","V1000",46,"Female","Service Worker",0.51,0.56,0.58,0.47,0.7
